alias;puntos;nivel;tiempo;modo_experto;fecha
AMINA;184350;7;312.5;si;2026-09-12
WEI;97200;4;188.0;no;2026-09-12
KOFI;256800;9;401.25;si;2026-09-13
NURIA;45600;2;95.5;no;2026-09-13
LUCÍA;132900;6;254.75;no;2026-09-14
IÑAKI;71450;3;160.0;no;2026-09-14
MARIAM;318700;11;522.5;si;2026-09-15
YUSUF;12300;1;48.75;no;2026-09-15
KOFI;198400;8;350.0;no;2026-09-16
DANIELA;88900;4;171.25;no;2026-09-16
IONUT;402150;12;610.0;si;2026-09-17
FÁTIMA;156000;7;289.5;no;2026-09-17
HUGO;0;1;12.0;no;2026-09-18
XIMENA;233600;9;377.75;si;2026-09-18
OMAR;64300;3;130.5;no;2026-09-19
SOFÍA;119800;5;226.0;no;2026-09-19
DARIUS;999999;15;845.25;si;2026-09-20
BINTA;175250;7;301.0;no;2026-09-20
CHEN;287400;10;455.5;si;2026-09-21
PAULA;53100;2;104.25;no;2026-09-21
AMINA;221000;8;366.0;si;2026-09-22
MATEO;34800;2;77.5;no;2026-09-22
AISHA;143700;6;262.25;no;2026-09-23
ANDRÉS;98650;4;192.0;no;2026-09-23
VALERIA;365900;11;560.75;si;2026-09-24
RAJ;26750;1;61.0;no;2026-09-24
KOFI;301200;10;470.5;si;2026-09-25
ELENA;109400;5;210.75;no;2026-09-25
JUAN;79900;3;158.0;no;2026-09-26
DIEGO;212300;8;341.5;si;2026-09-26
